{"cameraMode":{"drawMode":0,"name":"Shaded","section":"Shading Mode"},"sceneLighting":true,"audioPlay":false,"sceneViewState":{"showFog":true,"showMaterialUpdate":false,"showSkybox":true,"showFlares":true,"showImageEffects":true,"showParticleSystems":true},"in2DMode":false,"pivot":{"x":-8.770000457763672,"y":-1463.7567138671875,"z":0.5990400314331055},"rotation":{"x":0.2997303009033203,"y":0.02289353497326374,"z":-0.007194646634161472,"w":0.9537239670753479},"size":1219.843994140625,"orthographic":true}